"job_id","1000146"
"job_id","696926"
"job_id","695980"
"job_id","1000866"
"job_id","1000541"
"job_id","1000553"
"job_id","1002008"
"job_id","1000866"
"job_id","1001551"
"job_id","1001044"
"job_id","1002063"
"job_id","1001287"
"job_id","1000866"
"job_id","1002678"
"job_id","1001860"
"job_id","1001895"
"job_id","1002421"
"job_id","1002507"
"job_id","1002582"
"job_id","1002987"
"job_id","1003157"
"job_id","1004418"
"job_id","1004494"
"job_id","1003425"
"job_id","1004164"
"job_id","1003923"
"job_id","1003925"
"job_id","1003953"
"job_id","1003981"
"job_id","1003985"
"job_id","1005155"
"job_id","1005444"
"job_id","1004800"
"job_id","1004604"
"job_id","1004702"
"job_id","1007594"
"job_id","1006960"
"job_id","1007607"
"job_id","1007609"
"job_id","1007613"
"job_id","1007614"
"job_id","1007615"
"job_id","1007616"
"job_id","1007619"
"job_id","1007621"
"job_id","1007623"
"job_id","1004853"
"job_id","1004854"
"job_id","1004855"
"job_id","1004857"
"job_id","1005039"
"job_id","1005040"
"job_id","1005954"
"job_id","1006936"
"job_id","1006965"
"job_id","1006967"
"job_id","1005376"
"job_id","1005377"
"job_id","1005908"
"job_id","1005914"
"job_id","1005927"
"job_id","1005509"
"job_id","1005511"
"job_id","1005512"
"job_id","1005513"
"job_id","1005948"
"job_id","1005606"
"job_id","1005642"
"job_id","1005692"
"job_id","1005688"
"job_id","1005724"
"job_id","1005700"
"job_id","1005702"
"job_id","1005741"
"job_id","1007563"
"job_id","1007566"
"job_id","1007567"
"job_id","1007573"
"job_id","1007576"
"job_id","1004418"
"job_id","1007767"
"job_id","1007580"
"job_id","1007583"
"job_id","1007584"
"job_id","1007587"
"job_id","1007589"
"job_id","1007590"
"job_id","1005773"
"job_id","1005776"
"job_id","1006480"
"job_id","1006439"
"job_id","1006453"
"job_id","1006971"
"job_id","1006975"
"job_id","1006989"
"job_id","1006996"
"job_id","1006998"
"job_id","1006999"
"job_id","1007001"
"job_id","1007003"
"job_id","1007005"
"job_id","1007485"
"job_id","1007486"
"job_id","1007488"
"job_id","1007489"
"job_id","1007491"
"job_id","1007492"
"job_id","1007495"
"job_id","1007498"
"job_id","1007501"
"job_id","1007499"
"job_id","1007500"
"job_id","1007505"
"job_id","1007508"
"job_id","1007514"
"job_id","1007388"
"job_id","1007539"
"job_id","1007546"
"job_id","1007552"
"job_id","1006472"
"job_id","1006477"
"job_id","1007007"
"job_id","1007012"
"job_id","1007017"
"job_id","1007023"
"job_id","1007054"
"job_id","1007035"
"job_id","1006131"
"job_id","1006142"
"job_id","1006497"
"job_id","1007044"
"job_id","1007046"
"job_id","1007047"
"job_id","1007060"
"job_id","1007069"
"job_id","1007071"
"job_id","1006289"
"job_id","1006555"
"job_id","1006556"
"job_id","1006562"
"job_id","1006564"
"job_id","1007080"
"job_id","1007086"
"job_id","1007088"
"job_id","1007089"
"job_id","1007090"
"job_id","1007099"
"job_id","1007102"
"job_id","1007110"
"job_id","1007116"
"job_id","1007518"
"job_id","1007519"
"job_id","1007520"
"job_id","1007521"
"job_id","1006439"
"job_id","1007522"
"job_id","1007524"
"job_id","1007527"
"job_id","1007533"
"job_id","1007535"
"job_id","1007537"
"job_id","1007549"
"job_id","1007548"
"job_id","1007550"
"job_id","1007553"
"job_id","1007556"
"job_id","1007557"
"job_id","1007558"
"job_id","1007559"
"job_id","1007560"
"job_id","1006753"
"job_id","1007126"
"job_id","1007130"
"job_id","1007131"
"job_id","1007138"
"job_id","1007150"
"job_id","1007156"
"job_id","1006689"
"job_id","1006707"
"job_id","1006760"
"job_id","1006775"
"job_id","1007168"
"job_id","1007169"
"job_id","1007171"
"job_id","1007249"
"job_id","1007298"
"job_id","1007300"
"job_id","1007306"
"job_id","1007178"
"job_id","1006889"
"job_id","1006952"
"job_id","1006890"
"job_id","1006891"
"job_id","1006892"
"job_id","1006861"
"job_id","1006960"
"job_id","1006846"
"job_id","1006847"
"job_id","1006849"
"job_id","1006864"
"job_id","1006866"
"job_id","1006868"
"job_id","1006870"
"job_id","1006871"
"job_id","1006875"
"job_id","1006915"
"job_id","1006919"
"job_id","1006920"
"job_id","1007187"
"job_id","1007192"
"job_id","1007196"
"job_id","1007216"
"job_id","1007224"
"job_id","1007229"
"job_id","1007245"
"job_id","1007356"
"job_id","1007252"
"job_id","1007254"
"job_id","1007255"
"job_id","1007261"
"job_id","1007264"
"job_id","1007273"
"job_id","1007281"
"job_id","1007282"
"job_id","1007302"
"job_id","1007304"
"job_id","1007307"
"job_id","1007308"
"job_id","1007309"
"job_id","1007311"
"job_id","1007314"
"job_id","1007317"
"job_id","1007320"
"job_id","1007322"
"job_id","1007333"
"job_id","1007334"
"job_id","1007335"
"job_id","1007340"
"job_id","1007344"
"job_id","1007345"
"job_id","1007346"
"job_id","1007353"
"job_id","1007354"
"job_id","1007355"
"job_id","1007358"
"job_id","1007359"
"job_id","1007360"
"job_id","1007361"
"job_id","1007362"
"job_id","1007363"
"job_id","1007364"
"job_id","1007365"
"job_id","1007369"
"job_id","1007373"
"job_id","1007379"
"job_id","1007374"
"job_id","1007375"
"job_id","1007404"
"job_id","1007387"
"job_id","1007388"
"job_id","1007391"
"job_id","1007393"
"job_id","1007395"
"job_id","1007396"
"job_id","1007397"
"job_id","1007398"
"job_id","1007403"
"job_id","1007407"
"job_id","1007405"
"job_id","1007414"
"job_id","1007416"
"job_id","1007419"
"job_id","1007422"
"job_id","1007424"
"job_id","1007428"
"job_id","1007429"
"job_id","1007430"
"job_id","1007432"
"job_id","1007433"
"job_id","1007434"
"job_id","1007435"
"job_id","1007436"
"job_id","1007448"
"job_id","1007449"
"job_id","1007450"
"job_id","1007454"
"job_id","1007456"
"job_id","1007457"
"job_id","1007458"
"job_id","1007460"
"job_id","1007467"
"job_id","1007468"
"job_id","1007630"
"job_id","1007645"
"job_id","1007651"
"job_id","1004604"
"job_id","1007657"
"job_id","1007661"
"job_id","1007669"
"job_id","1007680"
"job_id","1007683"
"job_id","1007684"
"job_id","1007716"
"job_id","1007718"
"job_id","1007757"
"job_id","1007765"
"job_id","1007810"
"job_id","1007796"
"job_id","692436"
